{"Training loss": {"Total loss": [0.047429267343963896, 0.04326095787525177, 0.040800602707692556, 0.03877818856912, 0.03713912486042295, 0.03485450398896422, 0.033443961354919845, 0.036059215860877715, 0.033621058582918986, 0.032856578058004376, 0.03213266071592059, 0.03549001582775797, 0.031704147308639116, 0.032335659066694125, 0.03255449825729643, 0.031496277429248605, 0.03289139082278524, 0.03456360616990498, 0.03158726844821658, 0.03490152086649622, 0.031062014441234725, 0.03135061851995332, 0.03097512507268361, 0.03016540653437376, 0.03216053460759776, 0.030740139385972705, 0.030571176805581364, 0.03138618701917784, 0.03218196845778397, 0.030119998975481305, 0.030112312214331968, 0.029892136437083994], "Recon loss": [0.016716858253904752, 0.014836041033097675, 0.013499228962234088, 0.012074664741946118, 0.01094256806837661, 0.008991195056097847, 0.007923940567650965, 0.010515272807180882, 0.008330885583162308, 0.007679038688072137, 0.007118725077084133, 0.010355906980080263, 0.006888738344843898, 0.007530571579699006, 0.007867128025995833, 0.00683866074770689, 0.008159347786328623, 0.009915594828001091, 0.0070756575844330444, 0.01025456871105092, 0.006619538298270532, 0.006900370503238269, 0.00660415865957737, 0.005830982547615255, 0.007749249547911541, 0.00638425102263689, 0.006312155290182148, 0.00709043793254665, 0.007854803974905185, 0.0059069310009479525, 0.005970354537665844, 0.005769304369390011], "Imputed loss": [0.03071240910095828, 0.016768650587697824, 0.028424916771309715, 0.019368871693710488, 0.027301373533095634, 0.018629971994956335, 0.026703524024145945, 0.014870476792057356, 0.026196557061076164, 0.015202190169692039, 0.025863308832389968, 0.015034086624979973, 0.025520020659991673, 0.014247264283994834, 0.025543943288496563, 0.014239208693305652, 0.025290173215568066, 0.015069036339223385, 0.02517753933042288, 0.014563724483946959, 0.0250139355384452, 0.015537223408222198, 0.0251341090547187, 0.015393143779834112, 0.024815409020738942, 0.015341638507544995, 0.02480508759451764, 0.014592355795900028, 0.024687370280453137, 0.014666444118718307, 0.0246576164494242, 0.014448901315331459, 0.02473204308084079, 0.01485289438843727, 0.024648011605995043, 0.015272877951959769, 0.024511611008303506, 0.015017253308395545, 0.024646952078768186, 0.015283843241830667, 0.024442476317967688, 0.014306136542161306, 0.024450247915557454, 0.01420334656427304, 0.024370966336471695, 0.014307431451280913, 0.02433442391880921, 0.01456073831240336, 0.024411285020794187, 0.014427057916522027, 0.02435588842902865, 0.014601893822451433, 0.024259021579410348, 0.014536571564674378, 0.024295749032923152, 0.014277334783772628, 0.024327164587761674, 0.014484142242968082, 0.024213068111964633, 0.015182496216893196, 0.024141957555157797, 0.014141495834390323, 0.024122832094686374, 0.014286271356840928]}, "Validation loss": {"Total loss": [0.027541889721751214, 0.027151881172657013, 0.02984159717341264, 0.0204156375943621, 0.019031752698024113, 0.018684095487892627, 0.018561790748337904, 0.018116762776772183, 0.017809142731130122, 0.020024803724884986, 0.03198463605642319, 0.020631621929804483, 0.01849126011133194, 0.018141828801333904, 0.018079155980944634, 0.017360596960186957, 0.017863098478615284, 0.01846133979946375, 0.02008652545452118, 0.020105676105618475, 0.017286056944330535, 0.01698834264864524, 0.017384782892763614, 0.019080317567090194, 0.01792655342400074, 0.018204185735384622, 0.018965884547829628, 0.01807405487438043, 0.017417015084723632, 0.017808472678661348, 0.01684872703522444, 0.017245786869823934], "Recon loss": [0.010773239135642846, 0.007783009507556757, 0.011211625229318936, 0.005545160870651404, 0.0038295625521987675, 0.003650008839070797, 0.004314526446859042, 0.003877554117664695, 0.0027401063799858093, 0.005461079172541698, 0.016447412654608487, 0.00523847814599673, 0.0031496215465664865, 0.0035494730427861215, 0.0034127118741720916, 0.0029116956400622924, 0.003010204098150134, 0.003188461925412218, 0.005069272127896547, 0.0048218328542759025, 0.0029799204211930436, 0.0027849960573762657, 0.0030773514478156963, 0.00451957922766606, 0.0034994954971472422, 0.0036022919136782486, 0.004429312943393986, 0.003796720027824243, 0.0029328728369871775, 0.0026259764506171147, 0.00270723120637238, 0.002959515504265825], "Imputed loss": []}, "Last epoch": 31}