{"Training loss": {"Total loss": [0.1342718574701047, 0.06199386695298886, 0.0518030942095114, 0.04507518066250352, 0.04190374503430562, 0.037521781868568804, 0.03649545467859951, 0.036768006211993595, 0.034441802836335154, 0.034058356329614736], "Recon loss": [0.06091764856597197, 0.02431953925897802, 0.01917775589826144, 0.014883596685404397, 0.012794668248947996, 0.009751382618689028, 0.00927274800571282, 0.009980077380013191, 0.008046858089815544, 0.007881845592614402], "Imputed loss": [0.07335420878230757, 0.03359027255162076, 0.03767432775953145, 0.023700448445861673, 0.032625338283538245, 0.023151740809563205, 0.030191584006877204, 0.02442042166670128, 0.02910907670168364, 0.024264992812459304, 0.027770399342031463, 0.021764363647043605, 0.027222706643016684, 0.022794949949520995, 0.026787928568604725, 0.021939620259130956, 0.026394944625952592, 0.02088182698389634, 0.026176510645789908, 0.020368730148396]}, "Validation loss": {"Total loss": [0.055852322277506875, 0.032687617160359644, 0.0471005872182994, 0.055710126289589566, 0.06386010079194387, 0.0694024160350003, 0.07357000264124804, 0.07543423196938913, 0.08034534109025747, 0.07442807787467486], "Recon loss": [0.022262049639632495, 0.008987168748041046, 0.02394884656527054, 0.031289704595734366, 0.039595107966706254, 0.04763805226197675, 0.05077505258331727, 0.05349461180248914, 0.059463514016707034, 0.05405934769593036], "Imputed loss": []}, "Last epoch": 9}