{"Training loss": {"Total loss": [0.06549526479380471, 0.04657265716544219, 0.04044445680550166, 0.03931967297204903, 0.038361242735385895, 0.034205666972569056, 0.03524859471099717, 0.03433545746283872, 0.03477287963696889, 0.03409240714958736, 0.03343533291612353, 0.03302226606960808, 0.031862877041910376, 0.03187830322120871, 0.03272901453580175, 0.032286394158474035, 0.03254133560559579, 0.03292229279484068, 0.03158598359899861, 0.03256917906837804, 0.032408359910930905, 0.03033128611598696, 0.03240623824272837, 0.03042769958014999, 0.030318555233478546, 0.030040106554031373, 0.030388363641415325], "Recon loss": [0.027259838975582804, 0.01655801230592387, 0.01234359887276377, 0.0118286708472882, 0.011667336190938949, 0.008141931995196002, 0.009396003990364925, 0.008799726001875742, 0.009373630992387022, 0.008657035158617156, 0.0082730694979855, 0.008073132255971432, 0.006993981851211616, 0.0070271798267534805, 0.0078900145626281, 0.007639349368342332, 0.007865498514516013, 0.008270511380029577, 0.007000270407412733, 0.007901010542703526, 0.007709545117446355, 0.00577819799299751, 0.007715536398696048, 0.005840855170328702, 0.005831273268503802, 0.005675288196812783, 0.0059038806163093874], "Imputed loss": [0.03823542560568877, 0.01863996029784282, 0.030014645136083876, 0.01852142471750577, 0.028100857793944223, 0.030827973037958145, 0.02749100220548255, 0.01516173025816679, 0.026693906731137206, 0.015510762562950453, 0.02606373484994684, 0.014963693251907826, 0.025852590772807597, 0.014564078248838583, 0.025535731677753585, 0.014510393514633178, 0.025399248635343142, 0.014720098608235518, 0.025435372147815567, 0.015971778299907844, 0.025162263461181094, 0.014383384148180484, 0.02494913371724742, 0.01551426476428906, 0.02486889522237437, 0.014185000560283661, 0.024851123449972697, 0.014700640368262926, 0.024838999954887798, 0.014542730686664581, 0.024647044697999953, 0.014119167530834675, 0.02467583704612085, 0.014659449657599131, 0.024651781301157815, 0.015346174735228221, 0.024585713214065347, 0.014384165018995603, 0.02466816856729133, 0.016022913978099823, 0.024698814717786653, 0.01608306209584077, 0.024553088054316385, 0.015379566421409448, 0.024690701660556452, 0.01455099970459938, 0.024586844482251576, 0.01416534720192353, 0.024487281976810524, 0.015768225944240887, 0.024364818427818163, 0.01403685496111711, 0.024484483208060265, 0.014933630657792091]}, "Validation loss": {"Total loss": [0.031402503908077875, 0.0282644044983387, 0.050812652691602705, 0.023103336059550443, 0.02077677262544632, 0.019687495270570118, 0.018617827340265115, 0.020651953030228615, 0.01847244683096806, 0.020943859056631722, 0.018152254511217276, 0.01944896929959456, 0.018691063178579014, 0.020322403668761254, 0.020037573283612727, 0.019237279293239117, 0.023769502434333165, 0.021669477171699206, 0.022211657279729843, 0.028002747039794922, 0.03053651628812154, 0.02851272950351238, 0.029366472715735434, 0.029513422214190167, 0.03588806124448776, 0.0350889874925216, 0.035338131553332014], "Recon loss": [0.012762543635765712, 0.009742979802985986, 0.019984679736296335, 0.007941605782310167, 0.0052660100449621675, 0.004723802013918758, 0.004053749091401696, 0.006141559554487467, 0.0037523482910792032, 0.004972080807536841, 0.0037688703511158626, 0.003934704528152943, 0.004506062615911166, 0.005621763344233235, 0.005494842661321163, 0.005118111802140872, 0.009110052746534347, 0.00632330234905084, 0.00782749232272307, 0.011979833052059014, 0.014453454217811426, 0.013133163082102935, 0.014815473004778226, 0.015348075002630551, 0.020119835300246875, 0.02105213251074155, 0.02040450084467729], "Imputed loss": []}, "Last epoch": 26}