{"Training loss": {"Total loss": [0.14682606696115075, 0.06474876403136876, 0.05138565093024552, 0.045987020480430886, 0.044692481050588546, 0.04253117274891745, 0.03839644321227849, 0.0370035804480383, 0.03576098702334307, 0.03565079585521668, 0.0344143258336509, 0.03531543427564941, 0.033731559025282846, 0.03297404093598047, 0.03322435066117236, 0.033369904208884894, 0.03306830807909465], "Recon loss": [0.06926112182564974, 0.026481125013723596, 0.018865756482256125, 0.015523452787367279, 0.015141246784481754, 0.014062795373408049, 0.011278573529336774, 0.010280060892974523, 0.009401072200513868, 0.009507063329285225, 0.008510440286409092, 0.00935779781219674, 0.008140012984020839, 0.0074242227329221686, 0.007703519039034407, 0.00791834532492881, 0.0076952005271617606], "Imputed loss": [0.07756494533986569, 0.0339963045407924, 0.038267638959312365, 0.026771278785920054, 0.032519894418604395, 0.025588391965210847, 0.03046356763523152, 0.024152697378795093, 0.029551234353571227, 0.021555635018261715, 0.028468377429601843, 0.023195855991244324, 0.027117869775942747, 0.021666739041896525, 0.02672351969613264, 0.021817268397427095, 0.02635991483763903, 0.02056921061089419, 0.026143732471338298, 0.020823746420463474, 0.025903885535084634, 0.020464726134773834, 0.025957636530722774, 0.02070313043282743, 0.025591545930370663, 0.021597397921180428, 0.025549818294116643, 0.019684002709862893, 0.025520831540682416, 0.01990659200351811, 0.02545155886152425, 0.02129616702042732, 0.025373107564676353, 0.019990217469537563]}, "Validation loss": {"Total loss": [0.05379227043779797, 0.047552654743091755, 0.035490802218327705, 0.03558899074991475, 0.02867222496277261, 0.03595429062393336, 0.04612537188393923, 0.0510855397248041, 0.0559521266473686, 0.059854841744637816, 0.0611147092273992, 0.06361174227697532, 0.06497904908978419, 0.06839637190409112, 0.06739788825950752, 0.06750733432219791, 0.06829999565057518], "Recon loss": [0.019795966009021716, 0.02078137588689097, 0.00990241028985451, 0.01143629330083893, 0.007116590045243067, 0.012758434682307956, 0.024458632824472522, 0.029268271570267918, 0.035382916082898744, 0.039031095463035556, 0.04064998335288056, 0.042908611789840054, 0.043381651280414005, 0.04871236918634474, 0.047491296383875496, 0.04621116721242534, 0.048309778320207684], "Imputed loss": []}, "Last epoch": 14}