{"Training loss": {"Total loss": [0.07466117248066834, 0.047620706056526727, 0.04455655816376209, 0.037568996268851414], "Recon loss": [0.0315863668853896, 0.01795630205145904, 0.017007216323018073, 0.011260463124002728], "Imputed loss": [0.043074805131043704, 0.019226555190086366, 0.029664403906634877, 0.01606032734364271, 0.027549342004060746, 0.014934380797545116, 0.02630853311572756, 0.01419198319931825]}, "Validation loss": {"Total loss": [0.03232524602333705, 0.027308555424809457, 0.01972166570832332, 0.021299435299038886], "Recon loss": [0.013098690820435683, 0.011248228122492631, 0.004787284945746263, 0.007107452107618252], "Imputed loss": []}, "Last epoch": 3}