{"Training loss": {"Total loss": [0.07008616849303245, 0.043371630034276416, 0.040583646172966274, 0.03787057007576738, 0.03822723071183477, 0.03675816161513328, 0.03695792339282376, 0.036871075447116576, 0.0359682030570507, 0.03650218552563872, 0.03340556988613946, 0.034218112699900355, 0.03573554295207773, 0.03412106047511101, 0.03585715021967888, 0.03341307500498635, 0.03368199237142291, 0.03358632246434689, 0.034686169980423794, 0.03284944254568645, 0.03288478335389069, 0.0322709731560094, 0.03269310475702797, 0.033463126349789755, 0.03286347111633846, 0.03320553716293403, 0.03283403890405383, 0.03201423007518053, 0.03095222393593618], "Recon loss": [0.029413846557480947, 0.012959125776461192, 0.01179466069736651, 0.009875152475748744, 0.01068117424573217, 0.009587890167342765, 0.010001229311930282, 0.010011878163261073, 0.009272217772198575, 0.0099325666436553, 0.0071952027578439035, 0.007941883355017219, 0.009491369085929223, 0.007895123610773257, 0.00970312387179051, 0.007431225643498557, 0.007682481191605329, 0.007635275737558092, 0.008575572744309902, 0.00703816228900637, 0.007161094488969871, 0.006601762288468225, 0.00688599948069879, 0.007594879784882069, 0.007162357565590314, 0.007305631788223982, 0.007088313565679959, 0.006252576436187539, 0.005387912104395883], "Imputed loss": [0.040672321922608785, 0.01858597632398208, 0.030412504127579076, 0.01722094930956761, 0.028788985660757337, 0.016187862304846444, 0.027995417526960373, 0.01859034706721703, 0.02754605664529971, 0.015773733537296455, 0.027170271473952703, 0.015784491998155913, 0.026956693965366908, 0.0154563887839516, 0.02685919730927263, 0.015643066364328065, 0.02669598540348666, 0.015150825264155865, 0.026569618809606347, 0.015118809373279413, 0.02621036719628743, 0.016350870129565397, 0.026276229491957598, 0.015515793130894502, 0.026244173816697938, 0.015593791967133681, 0.02622593705517905, 0.01547500256796678, 0.026154026475378445, 0.017046251376767952, 0.025981849351951053, 0.02084233801672856, 0.025999511432988304, 0.01506575131257375, 0.025951046781965664, 0.015723645902971428, 0.026110597256336892, 0.016636090898315112, 0.025811280321393695, 0.017856221824189028, 0.025723688830861024, 0.015118578552504381, 0.0256692110146795, 0.01517810564905405, 0.02580710518521922, 0.01553190414905548, 0.02586824648742165, 0.015718256469567617, 0.025701113530141966, 0.014817535034020743, 0.025899905407471314, 0.014981677085459232, 0.025745725336926324, 0.01491217463950316, 0.025761653652106014, 0.015845249758760133, 0.025564311920148984, 0.014851902222534021]}, "Validation loss": {"Total loss": [0.026710195170839626, 0.024634084065755207, 0.023011268801093103, 0.0334043736743927, 0.01934183871825536, 0.021940306147933006, 0.020773145180741946, 0.02272934833884239, 0.020042453600764273, 0.02000369777560234, 0.021696890090703965, 0.022566778465906778, 0.018366364278793335, 0.018790442152023315, 0.021511286905209225, 0.031586037576993305, 0.0195770055325826, 0.019941615384817122, 0.020813522740999856, 0.026137461847861608, 0.021124562340180078, 0.023564201908310253, 0.02629893908460935, 0.028452682329416275, 0.028290489389101663, 0.029186379164854684, 0.03080688105384509, 0.034954168678323426, 0.03579086135427157], "Recon loss": [0.008124218893001477, 0.007413134783208371, 0.0068234065678219, 0.014814026731053987, 0.0035681051929295064, 0.006155814160853625, 0.005316756398429473, 0.007086282024631897, 0.0048916283445060256, 0.004884888365715742, 0.005346019948422908, 0.007050985317478577, 0.0027725723649313053, 0.003315439595207572, 0.004465035536388556, 0.010743699579338233, 0.004511254277229309, 0.004217969484254718, 0.004177431844274203, 0.008281240045924981, 0.006005983789265156, 0.008386096324473619, 0.010767034976879756, 0.012734425932864349, 0.013472954383691152, 0.0142047021428744, 0.015894706331789493, 0.01910891883055369, 0.020938959093689917], "Imputed loss": []}, "Last epoch": 28}