{"Training loss": {"Total loss": [0.07571475362573352, 0.047160363729681284, 0.042695515743408886, 0.040448233498420035, 0.03603647650556905, 0.03761558690079621, 0.03625310562201909, 0.035151136085646496, 0.035572137141994066, 0.03402923910123961, 0.0338069086933136, 0.03536687140669142, 0.03315293971180916, 0.032888639487709315, 0.03234849293887615, 0.03253191768620695, 0.03292614650283541, 0.03249138881589685, 0.03344975446913923, 0.030961884652120727, 0.03134731052253927, 0.031084184300814357, 0.03144391113485609, 0.03405023588721241, 0.031696670792613714, 0.03110718972512654, 0.03189298611521721, 0.03253865761416299, 0.03187966001689434, 0.031585081156619954, 0.031894279418332235, 0.03149652261393411, 0.03281412675976753, 0.03128644891534533, 0.03187803816837924, 0.03207242897770234, 0.031784408123706066, 0.030726248650678568, 0.031216896086079735, 0.031400781707423074, 0.03078401715346745, 0.0311414710021019, 0.03118113382714135, 0.030661459278975213, 0.03128295246954475, 0.030887914120469775, 0.030841575381074633, 0.03251175622063024, 0.0310492353697334, 0.030865937502384186], "Recon loss": [0.03256499388601099, 0.016752718326066222, 0.014562610729421888, 0.01306610237892185, 0.009585038913169077, 0.011548852961446558, 0.010489508904133525, 0.00954524407627327, 0.009977142082623073, 0.008850494935257094, 0.008663266776970454, 0.010425531851393836, 0.008290769242580449, 0.008074999194613524, 0.007660908988799368, 0.0077534873624571735, 0.008279094353062766, 0.007865551750532218, 0.008843611614597695, 0.006508187237403222, 0.006959203980692795, 0.006678796870559454, 0.0070728761606769905, 0.009461076441279479, 0.00736461222037673, 0.0067752112995300975, 0.0074496117261690755, 0.008236587037146092, 0.007634897311329842, 0.007384767941875117, 0.007694702429026365, 0.007275662105338914, 0.008503211846649646, 0.00707136816399438, 0.007639794496276549, 0.007782058315064226, 0.007607183398987566, 0.006645457676776818, 0.006898356062471867, 0.007286959587122712, 0.0067046596516455925, 0.007024515062762159, 0.007076135751924345, 0.00659276740533965, 0.007189214138048036, 0.006743814479410648, 0.0067391093348392415, 0.00840417005745428, 0.0070577564914950305, 0.006782925304983344], "Imputed loss": [0.04314975992935045, 0.018897209036052225, 0.030407645256689618, 0.018160583871603013, 0.0281329050974335, 0.015663286175727844, 0.027382131000288894, 0.014750867975652218, 0.0264514374767031, 0.015406750529507796, 0.026066733928791115, 0.014147022419273854, 0.025763596736320428, 0.014311019432048003, 0.02560589184837682, 0.014442091300884882, 0.025594995196291378, 0.014984967988729477, 0.02517874440099512, 0.014097845494051775, 0.02514364188947848, 0.014496133338809013, 0.024941339440005168, 0.015137702822784583, 0.024862170607447623, 0.014752082098424435, 0.024813640188149043, 0.015510097395678362, 0.02468758413740567, 0.015127688581148784, 0.024778430270382335, 0.014893177003959814, 0.024647052034309933, 0.014513368225594361, 0.024625836909370764, 0.014868650567233563, 0.024606142769285612, 0.01506515037804842, 0.02445369730719498, 0.014349151214063167, 0.02438810649961233, 0.014222459162970384, 0.024405387348788124, 0.014727867215971153, 0.024371035151055882, 0.014705538756052653, 0.02458915972215789, 0.014420924654503663, 0.024332058533302375, 0.014209114022552967, 0.024331978466255323, 0.0149461212682724, 0.024443374205401967, 0.014512900767127673, 0.02430207053729466, 0.01467556080232064, 0.02424476264698165, 0.014157546058694521, 0.024200313125337873, 0.01432800732990106, 0.024199577146725996, 0.014709127454260985, 0.02422086046763829, 0.01436001348098119, 0.024310915023641928, 0.014261261384983858, 0.0242150808262825, 0.014243828470011552, 0.02423824368953705, 0.014094232908884684, 0.024290370923195567, 0.014356119412779807, 0.02417722459478038, 0.014781113178531329, 0.024080791035124234, 0.01515123532007138, 0.024318540158612387, 0.01440122369925181, 0.024113822091647558, 0.014230157902538777, 0.024079357368946074, 0.014179919710159302, 0.024116955931356977, 0.014488969923853874, 0.02410499805454697, 0.013896768891612689, 0.024068691964404924, 0.014256614779631296, 0.024093738402255944, 0.013935307363271714, 0.0241440996790358, 0.014284615605771541, 0.024102465868251665, 0.013963206352690856, 0.024107586261630058, 0.014206926227509976, 0.023991478929051333, 0.013795076403021812, 0.02408301216508661, 0.014828732226391634]}, "Validation loss": {"Total loss": [0.02991429594953855, 0.0299591581428051, 0.024610280968348185, 0.01906360869407654, 0.024461233200629554, 0.0175828005767862, 0.019676016275286673, 0.021438817671736082, 0.019960209626555443, 0.01746100577354431, 0.02016048388471206, 0.019529049967428047, 0.018699001517295838, 0.018348713868260383, 0.0181433392282327, 0.01763237669269244, 0.018011038227876027, 0.01932105735431115, 0.018720771321455637, 0.017861275199552377, 0.01796916596800089, 0.017506178810894488, 0.018115115493237972, 0.018177849135994913, 0.01742623983681202, 0.019905317856272062, 0.019394204423924286, 0.017440136911273003, 0.01987738350768884, 0.016543137853542965, 0.018129690242409707, 0.017298150916894278, 0.016944782479504743, 0.018495079325139524, 0.01731148405313492, 0.01798453971296549, 0.01846434644718965, 0.0189276951182882, 0.017047723015149435, 0.017274715764919915, 0.021720827444791795, 0.017441495756705602, 0.01632867449214061, 0.019590431480606397, 0.018781839514772098, 0.01718328103899956, 0.01718866023461024, 0.020692655089298885, 0.016982652381658553, 0.01946501916229725], "Recon loss": [0.011017086894512177, 0.011798574347595374, 0.008946994756112495, 0.004312740672330061, 0.00905448277597626, 0.0034357780891408523, 0.0053649968702097735, 0.00699672636449337, 0.004975241631443302, 0.00336316028897961, 0.005664350566541155, 0.0043913471844047305, 0.003946919404516617, 0.002838616488476594, 0.003015650674154361, 0.002739199679195881, 0.0034976699728518725, 0.004452406852245331, 0.003655620920335253, 0.003512124004562696, 0.0037467068415880204, 0.0027783116013060014, 0.0034095767689992984, 0.0037569245172291996, 0.003217125865916411, 0.004959196576873461, 0.004881303721939524, 0.002764576175759236, 0.005719837441792091, 0.0022151305578400693, 0.003420562860444188, 0.0029381374820073446, 0.002683521062731743, 0.0042512508416175845, 0.00321725112122794, 0.0036284202628334363, 0.003683233290910721, 0.003776459744970004, 0.002646499251474937, 0.003044557920396328, 0.0075409077179680265, 0.002952525838414828, 0.0024319056410342455, 0.0053338167558113735, 0.004846532095099489, 0.002898665398284793, 0.00322545385013024, 0.0064857288982967535, 0.003187575976997614, 0.004636286996304989], "Imputed loss": []}, "Last epoch": 49}